FrameID,Head_x,Head_y,Beak_x,Beak_y,Robot_x,Robot_y,Robot_visible
8,336.1361694335937,760.6940307617188,336.1307373046875,745.4327392578125,872.2417602539062,872.2417602539062,y
9,335.9019470214844,764.1506958007812,332.73516845703125,748.2432861328125,872.07373046875,872.07373046875,y
10,336.02642822265625,764.7073364257812,332.6544189453125,748.8473510742188,872.311279296875,872.311279296875,y
11,336.0645446777344,764.9248657226562,332.9515380859375,749.1117553710938,872.2040405273438,872.2040405273438,y
12,336.0078430175781,767.4668579101562,332.7184143066406,751.3364868164062,872.171630859375,872.171630859375,y
13,336.11688232421875,767.5726928710938,332.8317565917969,751.4740600585938,872.1309814453125,872.1309814453125,y
14,336.19781494140625,765.0421142578125,335.8039245605469,749.40869140625,872.290283203125,872.290283203125,y
15,336.06402587890625,767.522216796875,332.9433288574219,751.4425659179688,872.1600341796875,872.1600341796875,y
16,336.40478515625,767.9849853515625,333.1607971191406,751.8668823242188,872.0068969726562,872.0068969726562,y
17,336.373779296875,767.9267578125,333.11279296875,751.7379150390625,872.37548828125,872.37548828125,y
18,336.2771911621094,767.6911010742188,333.2437744140625,751.4939575195312,872.34423828125,872.34423828125,y
19,336.27642822265625,768.317138671875,333.0564270019531,752.093505859375,872.099853515625,872.099853515625,y
20,336.33648681640625,768.0574340820312,333.05487060546875,751.8397827148438,872.0947875976562,872.0947875976562,y
21,336.49078369140625,765.0266723632812,333.52978515625,749.4340209960938,872.25048828125,872.25048828125,y
22,348.0042724609375,757.1367797851562,352.4162902832031,745.1618041992188,868.9358520507812,868.9358520507812,y
23,356.4769287109375,756.1754150390625,361.217529296875,744.1197509765625,871.8859252929688,871.8859252929688,y
24,363.9482116699219,752.8966674804688,371.5608825683594,740.6495971679688,872.1903686523438,872.1903686523438,y
36,416.1929016113281,792.0902099609375,428.6619567871094,806.6383056640625,868.901611328125,868.901611328125,y
37,433.059814453125,791.6373901367188,449.80657958984375,776.3364868164062,871.5902709960938,871.5902709960938,y
38,444.8500671386719,796.80419921875,461.5119934082031,809.4310913085938,868.8131103515625,868.8131103515625,y
40,445.0954895019531,796.9189453125,461.816650390625,809.0651245117188,868.3523559570312,868.3523559570312,y
48,380.7743225097656,795.9178466796875,395.6100463867188,784.3753662109375,871.6962280273438,871.6962280273438,y
82,448.43017578125,807.9331665039062,465.4937744140625,804.1405029296875,880.1124267578125,880.1124267578125,y
83,448.4503784179688,807.7781982421875,465.46240234375,803.8630981445312,880.4793701171875,880.4793701171875,y
84,448.531494140625,808.1734008789062,465.5408325195313,804.424560546875,880.2168579101562,880.2168579101562,y
85,448.6785583496094,808.3596801757812,465.679443359375,804.6422119140625,880.1148681640625,880.1148681640625,y
86,448.4876708984375,808.6384887695312,465.5310668945313,804.8630981445312,880.4095458984375,880.4095458984375,y
87,448.4517822265625,808.852783203125,465.4810791015625,804.8538208007812,880.3142700195312,880.3142700195312,y
89,448.6578674316406,808.7471923828125,465.7085571289063,801.4130249023438,880.095458984375,880.095458984375,y
90,448.4613342285156,808.4615478515625,465.5016174316406,801.104248046875,880.3020629882812,880.3020629882812,y
91,448.2784729003906,808.4953002929688,465.3196105957031,804.4996337890625,879.95703125,879.95703125,y
92,448.4289245605469,808.4840698242188,465.4771118164063,804.3759155273438,879.8150634765625,879.8150634765625,y
93,448.0772399902344,808.4093017578125,465.1766662597656,804.2852783203125,876.9818725585938,876.9818725585938,y
94,448.4244079589844,808.3954467773438,465.5180969238281,804.421142578125,876.898681640625,876.898681640625,y
95,448.15081787109375,808.5250854492188,465.26116943359375,804.5059204101562,876.8770141601562,876.8770141601562,y
96,451.524169921875,808.5397338867188,468.3297424316406,804.986328125,880.066162109375,880.066162109375,y
97,448.9476318359375,808.5425415039062,466.01568603515625,808.5202026367188,879.88623046875,879.88623046875,y
98,448.03564453125,808.8098754882812,465.1365966796875,808.8550415039062,879.8687744140625,879.8687744140625,y
99,447.8705749511719,808.9453735351562,464.9363403320313,809.1939086914062,879.8712158203125,879.8712158203125,y
100,447.8033447265625,808.9903564453125,464.818603515625,809.128173828125,879.8982543945312,879.8982543945312,y
101,447.7078247070313,808.9752807617188,464.6701354980469,809.0791625976562,880.125244140625,880.125244140625,y
102,447.6755676269531,809.2882690429688,464.619384765625,809.509033203125,880.0358276367188,880.0358276367188,y
103,448.0266418457031,811.408447265625,464.8564453125,808.11572265625,880.0606689453125,880.0606689453125,y
106,447.3023986816406,808.8792114257812,464.2708129882813,809.0963745117188,879.8792114257812,879.8792114257812,y
107,444.8927917480469,808.8753051757812,462.0491333007813,809.177001953125,877.08154296875,877.08154296875,y
108,444.8738098144531,809.1129150390625,462.0574340820313,809.6088256835938,879.821044921875,879.821044921875,y
109,447.2117919921875,809.0187377929688,464.2012939453125,809.2821655273438,879.9476928710938,879.9476928710938,y
110,447.2902221679688,811.430419921875,464.2192993164063,811.5624389648438,880.1871337890625,880.1871337890625,y
112,447.8669128417969,809.217041015625,464.8347473144531,809.5538940429688,880.3761596679688,880.3761596679688,y
114,445.02191162109375,811.6231079101562,462.1976318359375,812.051025390625,880.3640747070312,880.3640747070312,y
117,447.2359924316406,811.4282836914062,464.1688537597656,811.5518188476562,880.250732421875,880.250732421875,y
119,447.2320861816406,809.0369873046875,464.29046630859375,809.0202026367188,879.8097534179688,879.8097534179688,y
120,444.4089965820313,808.2509765625,461.4700012207031,800.421142578125,879.89013671875,879.89013671875,y
121,441.16748046875,808.8455810546875,458.4307861328125,801.2772216796875,880.08544921875,880.08544921875,y
122,443.9968566894531,808.8391723632812,460.9659729003906,804.8670654296875,879.9576416015625,879.9576416015625,y
123,444.46820068359375,808.6320190429688,461.37396240234375,800.8652954101562,880.02197265625,880.02197265625,y
124,444.0353088378906,808.97265625,460.9058532714844,801.394775390625,880.1513061523438,880.1513061523438,y
125,444.0061950683594,811.3942260742188,460.6834411621094,820.2352905273438,880.129150390625,880.129150390625,y
126,444.0016479492188,809.0386962890625,460.8670959472656,801.2299194335938,880.146728515625,880.146728515625,y
127,444.1933288574219,808.8668823242188,461.12890625,801.146484375,880.4309692382812,880.4309692382812,y
129,460.3000793457031,816.659423828125,477.0609436035156,816.4368896484375,868.4168701171875,868.4168701171875,y
130,463.3936462402344,819.9349365234375,480.228515625,819.8659057617188,868.3701171875,868.3701171875,y
131,463.88427734375,820.0045776367188,480.81488037109375,820.0852661132812,868.61328125,868.61328125,y
132,463.9034729003906,819.7247314453125,480.8592529296875,819.7743530273438,871.6707153320312,871.6707153320312,y
133,464.0508117675781,817.1151123046875,480.88134765625,817.0967407226562,868.6511840820312,868.6511840820312,y
134,463.6849060058594,817.034423828125,480.5515747070313,816.9595947265625,871.6862182617188,871.6862182617188,y
135,463.3274536132813,816.9144287109375,480.1235656738281,817.0914306640625,871.6198120117188,871.6198120117188,y
136,460.6726684570313,816.8379516601562,477.7103576660156,813.5457153320312,871.8174438476562,871.8174438476562,y
137,460.8336486816406,817.1278686523438,477.86529541015625,816.8970336914062,868.7369384765625,868.7369384765625,y
138,460.7443542480469,817.06494140625,477.7647399902344,816.8117065429688,868.7619018554688,868.7619018554688,y
139,460.7009582519531,817.1009521484375,477.7156372070313,813.8666381835938,871.6449584960938,871.6449584960938,y
140,460.5074157714844,816.96826171875,477.5288696289063,813.724365234375,871.6475219726562,871.6475219726562,y
143,384.15771484375,796.21533203125,398.96868896484375,785.0064086914062,871.8763427734375,871.8763427734375,y
144,384.5790100097656,796.0620727539062,399.4058837890625,784.86474609375,872.0127563476562,872.0127563476562,y
145,385.0243225097656,796.0524291992188,399.779541015625,787.6312255859375,871.9671630859375,871.9671630859375,y
146,387.7508239746094,795.8270263671875,402.3489379882813,784.415771484375,871.985107421875,871.985107421875,y
147,387.4216003417969,796.0294799804688,402.0565185546875,784.6044311523438,871.7659301757812,871.7659301757812,y
148,385.01904296875,796.0882568359375,399.75872802734375,787.6815185546875,871.8707275390625,871.8707275390625,y
149,387.6209106445313,795.7302856445312,402.2203979492188,784.2967529296875,871.6197509765625,871.6197509765625,y
150,387.6468200683594,795.9827270507812,402.2578125,784.5903930664062,871.6408081054688,871.6408081054688,y
151,387.6506042480469,796.1578979492188,402.271728515625,784.7296752929688,868.9096069335938,868.9096069335938,y
155,467.7825927734375,827.6522216796875,482.4915466308594,824.1155395507812,871.7162475585938,871.7162475585938,y
156,468.0035705566406,827.5977783203125,482.9092712402344,823.796630859375,871.8036499023438,871.8036499023438,y
157,467.9245910644531,827.7249755859375,482.882568359375,823.8275756835938,871.7330322265625,871.7330322265625,y
158,468.7156372070313,827.9944458007812,483.5562438964844,824.1112060546875,868.8086547851562,868.8086547851562,y
159,464.9397888183594,825.0119018554688,481.610107421875,820.9114990234375,871.808349609375,871.808349609375,y
160,457.0552673339844,815.7825927734375,473.8193054199219,820.4451293945312,868.9061279296875,868.9061279296875,y
161,455.6941833496094,812.7670288085938,472.4256286621094,805.1660766601562,871.6829833984375,871.6829833984375,y
162,455.7079772949219,812.6997680664062,472.4296875,809.07080078125,871.5921630859375,871.5921630859375,y
163,455.4616088867188,812.2147216796875,472.1462707519531,808.4152221679688,868.8049926757812,868.8049926757812,y
164,455.5442199707031,812.2592163085938,472.2954406738281,812.4053955078125,871.9615478515625,871.9615478515625,y
165,453.0275268554688,812.1411743164062,470.1682739257813,804.1698608398438,871.87158203125,871.87158203125,y
166,452.7179565429688,812.2112426757812,469.8797607421875,808.64306640625,871.6915283203125,871.6915283203125,y
167,452.8789978027344,812.22607421875,470.0023193359375,808.5408325195312,871.9158325195312,871.9158325195312,y
168,453.0470275878906,812.0563354492188,470.050537109375,803.8649291992188,871.7422485351562,871.7422485351562,y
169,452.7582092285156,811.8416748046875,469.870361328125,800.1885986328125,871.9744873046875,871.9744873046875,y
170,452.6434020996094,812.15625,469.7830810546875,803.9800415039062,871.8956909179688,871.8956909179688,y
171,452.9479675292969,812.4267578125,470.2163696289063,808.7009887695312,871.9033813476562,871.9033813476562,y
172,455.5006408691406,812.1328125,472.2276916503906,812.6522216796875,872.0067138671875,872.0067138671875,y
173,452.7902221679688,812.2513427734375,469.9568481445313,804.53759765625,868.8333740234375,868.8333740234375,y
174,455.3196411132813,812.0828247070312,472.1361999511719,808.3334350585938,872.0364379882812,872.0364379882812,y
175,452.5948791503906,817.052001953125,469.7763671875,821.59912109375,871.9100952148438,871.9100952148438,y
177,384.9037170410156,795.9830322265625,399.77056884765625,788.8809814453125,871.845947265625,871.845947265625,y
178,384.8763427734375,795.8121948242188,399.6023559570313,791.5364379882812,871.6346435546875,871.6346435546875,y
179,384.8386535644531,795.8723754882812,399.7135314941406,788.7467041015625,871.6943969726562,871.6943969726562,y
181,384.9153137207031,796.1377563476562,399.79595947265625,788.7862548828125,872.024169921875,872.024169921875,y
182,385.1004943847656,795.9395141601562,399.9552001953125,788.5856323242188,871.684814453125,871.684814453125,y
185,387.8435668945313,792.9085083007812,402.4124145507813,788.4943237304688,868.839111328125,868.839111328125,y
188,388.1797180175781,793.005859375,402.6427001953125,788.6251220703125,868.8869018554688,868.8869018554688,y
193,387.8543395996094,793.1090698242188,402.3469848632813,788.9301147460938,871.6990966796875,871.6990966796875,y
194,387.9610900878906,793.1507568359375,402.49261474609375,788.9911499023438,868.8148803710938,868.8148803710938,y
195,447.8606262207031,812.3298950195312,464.3472900390625,824.6498413085938,871.6438598632812,871.6438598632812,y
196,444.3518981933594,808.5419311523438,461.0169067382813,821.3512573242188,868.8704223632812,868.8704223632812,y
197,444.6553039550781,808.698486328125,461.25628662109375,821.3272705078125,868.63134765625,868.63134765625,y
202,444.4386291503906,808.4967041015625,461.3351135253906,820.50537109375,868.8985595703125,868.8985595703125,y
203,444.945068359375,808.6946411132812,461.7626953125,820.7998657226562,871.6781005859375,871.6781005859375,y
204,444.9918212890625,808.6696166992188,461.794921875,821.012451171875,868.6728515625,868.6728515625,y
206,444.9371337890625,811.5374755859375,459.89935302734375,825.9749145507812,871.7262573242188,871.7262573242188,y
207,447.6812438964844,811.545654296875,462.5300903320313,824.0316772460938,871.7476806640625,871.7476806640625,y
222,452.0531005859375,815.3961181640625,469.1247863769531,815.7278442382812,868.6089477539062,868.6089477539062,y
223,467.6401672363281,827.73779296875,482.0772399902344,828.0930786132812,871.7413940429688,871.7413940429688,y
224,465.1123352050781,828.876708984375,481.5799560546875,829.4371337890625,871.9873046875,871.9873046875,y
225,464.81488037109375,828.8701171875,481.3946228027344,829.4622192382812,871.82763671875,871.82763671875,y
226,464.96484375,828.51806640625,481.5446472167969,829.2136840820312,868.8778076171875,868.8778076171875,y
227,464.7035827636719,828.5332641601562,481.3209228515625,829.2632446289062,868.8670043945312,868.8670043945312,y
228,467.5342102050781,828.8425903320312,482.228759765625,832.4669799804688,871.6033935546875,871.6033935546875,y
229,464.71337890625,828.52294921875,481.2340698242188,829.192626953125,868.7518920898438,868.7518920898438,y
230,464.63031005859375,828.6585083007812,481.1863403320313,829.4226684570312,871.82958984375,871.82958984375,y
231,464.5434265136719,828.6536865234375,481.0933837890625,829.1211547851562,868.8330078125,868.8330078125,y
232,465.0525207519531,828.5170288085938,481.5110168457031,832.2429809570312,872.0326538085938,872.0326538085938,y
233,464.4555969238281,828.5656127929688,480.9524230957031,832.3223876953125,871.6835327148438,871.6835327148438,y
234,464.5404052734375,828.7529296875,481.0317993164063,832.4927368164062,871.6075439453125,871.6075439453125,y
236,460.7221374511719,823.8436889648438,477.4784851074219,827.80908203125,872.0806884765625,872.0806884765625,y
237,460.3792114257813,824.648681640625,476.8733520507813,825.3357543945312,871.8372192382812,871.8372192382812,y
238,456.4933166503906,824.2457885742188,473.3001403808594,824.7760009765625,871.8443603515625,871.8443603515625,y
239,452.5960693359375,821.2683715820312,469.854736328125,821.4995727539062,871.6728515625,871.6728515625,y
240,448.6866760253906,820.640869140625,465.9109497070313,817.3959350585938,871.6777954101562,871.6777954101562,y
241,451.603271484375,820.0796508789062,468.523681640625,816.936279296875,871.8822021484375,871.8822021484375,y
242,451.955322265625,820.0619506835938,468.9048156738281,816.8781127929688,871.860595703125,871.860595703125,y
243,452.2560729980469,820.1228637695312,469.1238708496094,816.9838256835938,868.8275146484375,868.8275146484375,y
244,452.54400634765625,820.8076782226562,469.5236511230469,817.642333984375,868.9017333984375,868.9017333984375,y
245,451.96868896484375,820.8990478515625,468.96881103515625,817.7042846679688,868.7815551757812,868.7815551757812,y
246,451.6743469238281,821.0755615234375,468.6991271972656,820.921630859375,868.9020385742188,868.9020385742188,y
247,449.07080078125,820.9856567382812,466.39794921875,817.564453125,871.6867065429688,871.6867065429688,y
249,451.7228393554688,823.4970092773438,468.7771301269531,823.6719970703125,868.795166015625,868.795166015625,y
257,387.5592956542969,788.1177978515625,402.07818603515625,779.723388671875,868.9129638671875,868.9129638671875,y
258,387.599853515625,787.970703125,402.1123962402344,779.6140747070312,871.9146728515625,871.9146728515625,y
267,384.4674987792969,791.9735717773438,399.2482299804688,780.4337768554688,868.8865966796875,868.8865966796875,y
275,444.4416198730469,821.3003540039062,461.8927612304688,821.4505004882812,871.720703125,871.720703125,y
276,444.9919128417969,821.2486572265625,462.4100341796875,821.595703125,871.6422119140625,871.6422119140625,y
277,447.4602355957031,823.4843139648438,464.6017761230469,823.479736328125,871.8557739257812,871.8557739257812,y
278,444.77740478515625,821.24462890625,462.1261291503906,821.2418823242188,871.6862182617188,871.6862182617188,y
280,444.69622802734375,821.1697387695312,462.0393676757813,821.5980224609375,868.877685546875,868.877685546875,y
282,384.8540344238281,799.9131469726562,399.7319030761719,791.505615234375,868.451171875,868.451171875,y
283,387.81591796875,797.1109619140625,402.5278930664063,789.3101806640625,868.6148681640625,868.6148681640625,y
289,444.6894836425781,821.109619140625,462.0499877929688,821.3391723632812,868.8242797851562,868.8242797851562,y
290,443.9685974121094,820.0122680664062,461.3812561035156,816.324951171875,868.6522216796875,868.6522216796875,y
291,444.0628356933594,816.8470458984375,461.2759704589844,816.7880249023438,868.5541381835938,868.5541381835938,y
292,441.0296020507813,816.60888671875,458.3541564941406,813.068359375,868.5148315429688,868.5148315429688,y
293,443.666748046875,816.9968872070312,460.83837890625,816.9937133789062,868.6121215820312,868.6121215820312,y
294,440.7375793457031,819.4417114257812,458.1912231445313,815.8497924804688,868.6929931640625,868.6929931640625,y
295,440.793701171875,817.2601928710938,457.9746398925781,813.4561157226562,868.5604858398438,868.5604858398438,y
296,384.8361206054688,800.306640625,399.59222412109375,792.102783203125,868.7685546875,868.7685546875,y
297,387.8896179199219,797.21142578125,402.5291748046875,789.3319091796875,868.593017578125,868.593017578125,y
300,440.5109252929688,819.6304321289062,457.7972106933594,815.9422607421875,871.5891723632812,871.5891723632812,y
301,440.3987426757813,819.6611328125,457.6640930175781,816.116455078125,868.70166015625,868.70166015625,y
302,440.7652282714844,817.0542602539062,457.8814392089844,813.4144287109375,868.7020874023438,868.7020874023438,y
303,440.8364868164063,816.792724609375,458.0372314453125,813.19677734375,868.7988891601562,868.7988891601562,y
305,387.828857421875,799.8949584960938,402.4042053222656,788.1282348632812,871.6355590820312,871.6355590820312,y
307,443.7229309082031,819.4152221679688,460.9232482910156,819.5486450195312,871.9387817382812,871.9387817382812,y
308,440.9128723144531,817.0625,458.0643310546875,813.2048950195312,868.862548828125,868.862548828125,y
310,440.9694519042969,817.1766357421875,458.0536193847656,813.1062622070312,871.6322021484375,871.6322021484375,y
329,439.8654174804688,813.0504760742188,457.2542724609375,809.6797485351562,879.996337890625,879.996337890625,y
330,439.8665466308594,815.3235473632812,456.8576965332031,824.0794067382812,880.0272216796875,880.0272216796875,y
331,439.8150939941406,815.2988891601562,456.60443115234375,827.23095703125,880.2448120117188,880.2448120117188,y
332,439.7006530761719,815.3477783203125,456.6791076660156,824.0828857421875,879.9032592773438,879.9032592773438,y
333,439.8413391113281,813.1072998046875,457.0436096191406,813.2120971679688,879.7910766601562,879.7910766601562,y
334,439.7975769042969,812.9658813476562,457.1397705078125,809.2391357421875,880.064208984375,880.064208984375,y
335,440.2191162109375,813.0079956054688,457.5291137695313,809.2313232421875,880.3138427734375,880.3138427734375,y
336,440.6446838378906,812.8621826171875,457.9407958984375,808.8568725585938,880.1287841796875,880.1287841796875,y
337,439.8047180175781,812.878173828125,457.02978515625,805.30712890625,880.1585693359375,880.1585693359375,y
338,439.5076904296875,815.397216796875,456.8718566894531,811.5116577148438,876.95751953125,876.95751953125,y
339,439.8110656738281,815.2744750976562,457.0049743652344,815.6371459960938,879.85693359375,879.85693359375,y
340,439.7980041503906,813.1838989257812,457.1265563964844,809.2555541992188,880.235595703125,880.235595703125,y
341,440.0266418457031,815.3748168945312,457.3269958496094,811.9030151367188,880.1624755859375,880.1624755859375,y
342,439.781494140625,813.0475463867188,457.0516662597656,809.1046752929688,880.2913818359375,880.2913818359375,y
343,436.0970458984375,808.3575439453125,450.8458251953125,824.708251953125,880.179931640625,880.179931640625,y
344,436.7250671386719,808.6800537109375,453.4396362304688,821.0484008789062,880.0184936523438,880.0184936523438,y
345,436.2554016113281,808.420654296875,452.93011474609375,820.9954833984375,880.1949462890625,880.1949462890625,y
348,435.5853271484375,808.2761840820312,452.233154296875,820.6626586914062,876.966064453125,876.966064453125,y
351,435.7560424804688,808.0263061523438,450.5218505859375,822.7679443359375,877.0509033203125,877.0509033203125,y
353,436.3772583007813,808.0791015625,453.3460998535156,812.8906860351562,880.1560668945312,880.1560668945312,y
354,436.4172058105469,808.458740234375,453.1076049804688,820.5420532226562,880.0767211914062,880.0767211914062,y
355,436.5218811035156,808.5148315429688,453.454833984375,813.3038330078125,880.2819213867188,880.2819213867188,y
356,436.6157836914063,808.0740966796875,453.4250793457031,816.5917358398438,879.9517822265625,879.9517822265625,y
357,436.5983276367188,807.947509765625,453.5006103515625,812.13671875,880.0608520507812,880.0608520507812,y
358,436.2655944824219,808.3552856445312,452.954833984375,820.468017578125,879.8908081054688,879.8908081054688,y
359,436.0628967285156,808.066162109375,452.8544006347656,816.748779296875,879.819091796875,879.819091796875,y
360,436.5382080078125,808.9336547851562,453.3152465820313,821.1957397460938,879.9242553710938,879.9242553710938,y
361,436.00830078125,811.488037109375,453.2659912109375,816.1492919921875,879.8719482421875,879.8719482421875,y
362,436.6183776855469,812.2289428710938,454.14068603515625,808.557373046875,880.0753784179688,880.0753784179688,y
363,437.0138854980469,812.6046142578125,454.5325622558594,808.9168090820312,879.7828979492188,879.7828979492188,y
364,439.42913818359375,812.8084716796875,456.8129577636719,809.3980712890625,879.8992919921875,879.8992919921875,y
365,439.69671630859375,812.7342529296875,457.0723876953125,808.9879760742188,879.907470703125,879.907470703125,y
366,436.9401245117188,812.9493408203125,454.4690246582031,805.7221069335938,880.2088012695312,880.2088012695312,y
367,437.11474609375,813.0247802734375,454.6585083007813,805.808349609375,880.2052612304688,880.2052612304688,y
369,436.7744445800781,812.3775024414062,454.2659301757813,808.4302978515625,880.0897216796875,880.0897216796875,y
370,437.0645446777344,812.7702026367188,454.5197143554688,809.425048828125,872.6983032226562,872.6983032226562,y
389,444.6843566894531,815.7261962890625,461.9173583984375,815.6281127929688,868.76611328125,868.76611328125,y
390,444.5257873535156,816.1109008789062,461.5523681640625,812.22509765625,868.6369018554688,868.6369018554688,y
391,444.4563598632813,816.62451171875,461.483154296875,812.5321044921875,868.8486938476562,868.8486938476562,y
392,444.0875854492188,817.025146484375,461.08831787109375,812.869384765625,871.7467041015625,871.7467041015625,y
393,444.234619140625,819.5396118164062,461.3763427734375,812.192138671875,868.9190673828125,868.9190673828125,y
394,444.4144592285156,817.2849731445312,461.25042724609375,813.0667114257812,871.6937866210938,871.6937866210938,y
395,444.4136047363281,817.2684936523438,461.2918701171875,813.0851440429688,868.857666015625,868.857666015625,y
396,444.9974060058594,819.793212890625,461.9205322265625,812.2700805664062,868.786865234375,868.786865234375,y
397,444.7203369140625,819.9061889648438,461.6582336425781,812.2857666015625,868.9347534179688,868.9347534179688,y
400,444.3843994140625,819.7822265625,461.42425537109375,812.2332153320312,871.6542358398438,871.6542358398438,y
401,444.5986328125,820.2547607421875,461.8146667480469,816.18896484375,868.756103515625,868.756103515625,y
402,443.96392822265625,820.0272827148438,461.060546875,812.7059936523438,868.7439575195312,868.7439575195312,y
403,444.1327209472656,819.66357421875,461.1910095214844,815.3326416015625,868.7962646484375,868.7962646484375,y
404,444.1347961425781,820.1491088867188,461.2252197265625,812.6383666992188,871.605224609375,871.605224609375,y
405,445.1564025878906,816.3866577148438,462.2866516113281,812.24755859375,868.7738037109375,868.7738037109375,y
406,440.1421203613281,812.7056884765625,456.9029846191406,824.9574584960938,868.7781982421875,868.7781982421875,y
407,436.44915771484375,811.968505859375,453.3003845214844,824.53857421875,871.6146850585938,871.6146850585938,y
412,436.560302734375,812.2151489257812,453.3368835449219,824.3693237304688,868.59130859375,868.59130859375,y
413,436.4042053222656,812.2694091796875,453.1671752929688,824.8446044921875,868.7592163085938,868.7592163085938,y
414,436.265869140625,812.3927001953125,453.140625,824.9744873046875,868.7576904296875,868.7576904296875,y
415,436.6024169921875,812.3590087890625,453.5764770507813,824.4086303710938,868.7189331054688,868.7189331054688,y
420,424.8914489746094,784.200439453125,433.2789611816406,769.0726928710938,871.6815795898438,871.6815795898438,y
421,424.1203002929688,783.9692993164062,432.0700988769531,768.5391235351562,868.9568481445312,868.9568481445312,y
422,423.8939208984375,784.35302734375,431.8964538574219,768.7374267578125,871.7249755859375,871.7249755859375,y
423,423.8703308105469,784.446533203125,431.926025390625,768.8821411132812,871.824951171875,871.824951171875,y
424,423.8094177246094,784.4229125976562,431.80419921875,768.9472045898438,871.8571166992188,871.8571166992188,y
425,423.9206237792969,784.5404052734375,432.0369873046875,769.1759643554688,868.8247680664062,868.8247680664062,y
426,416.3570861816406,796.7047119140625,408.5531921386719,780.432861328125,871.676513671875,871.676513671875,y
427,424.5827026367188,801.384765625,441.7105102539063,793.3447265625,868.9288940429688,868.9288940429688,y
428,424.7596740722656,801.370361328125,441.8749084472656,793.4415283203125,871.659423828125,871.659423828125,y
429,424.8870849609375,800.926025390625,441.91259765625,789.2977294921875,868.9400634765625,868.9400634765625,y
430,427.6364135742188,803.7271118164062,444.705078125,807.9271240234375,868.82275390625,868.82275390625,y
431,428.27099609375,804.64501953125,445.0769653320313,816.78271484375,868.7428588867188,868.7428588867188,y
440,428.4685974121094,804.1515502929688,445.8296508789063,800.3784790039062,868.573486328125,868.573486328125,y
441,428.4398193359375,803.7020263671875,445.7382507324219,796.2997436523438,871.6700439453125,871.6700439453125,y
442,428.6818542480469,804.55126953125,445.8392333984375,809.4368286132812,871.8731079101562,871.8731079101562,y
444,428.3539123535156,804.5614013671875,445.4582824707031,808.8388671875,868.5469360351562,868.5469360351562,y
445,431.5289001464844,804.4496459960938,448.7768859863281,800.6538696289062,868.596923828125,868.596923828125,y
446,431.9066162109375,805.1605834960938,449.314208984375,801.607421875,868.5755004882812,868.5755004882812,y
447,428.530517578125,807.7039184570312,443.4737548828125,822.3843994140625,871.8291015625,871.8291015625,y
448,428.2884826660156,804.5643310546875,445.3521118164063,808.6800537109375,871.660400390625,871.660400390625,y
449,428.2179565429688,804.6688232421875,445.2467651367188,809.2952270507812,868.7200317382812,868.7200317382812,y
450,428.060546875,805.1138916015625,444.8497314453125,817.4699096679688,871.7858276367188,871.7858276367188,y
451,428.4443664550781,805.215087890625,445.0706481933594,817.284912109375,871.7579345703125,871.7579345703125,y
452,428.7814025878906,807.572021484375,443.50048828125,824.0108642578125,871.706298828125,871.706298828125,y
453,428.7018432617188,807.687255859375,443.7000122070313,823.9986572265625,868.8056640625,868.8056640625,y
454,431.7346496582031,807.41162109375,446.6781311035156,821.734375,868.79736328125,868.79736328125,y
455,432.2016906738281,807.6572875976562,448.7855224609375,820.1018676757812,868.8640747070312,868.8640747070312,y
457,432.0130004882813,808.1729125976562,447.1397399902344,822.6485595703125,868.7681274414062,868.7681274414062,y
458,431.8723449707031,807.6564331054688,448.5406188964844,819.8065795898438,868.9161376953125,868.9161376953125,y
460,420.9739379882813,779.6910400390625,428.8232727050781,764.1495971679688,871.9207153320312,871.9207153320312,y
461,420.5437927246094,779.4423828125,427.9861755371094,763.6949462890625,871.75927734375,871.75927734375,y
462,420.7343444824219,777.1423950195312,428.5784606933594,764.7015991210938,872.0797119140625,872.0797119140625,y
463,420.7964782714844,777.1522827148438,428.6271362304688,764.7105712890625,872.1172485351562,872.1172485351562,y
464,420.7190246582031,776.8165893554688,428.56549072265625,764.4072265625,871.7921142578125,871.7921142578125,y
465,420.82952880859375,776.5863647460938,428.6043701171875,764.1707763671875,871.7133178710938,871.7133178710938,y
466,420.6855163574219,776.6436157226562,428.4285278320313,764.2489013671875,871.8195190429688,871.8195190429688,y
467,420.7782287597656,776.663330078125,428.5662536621094,764.2449340820312,868.7637939453125,868.7637939453125,y
468,420.9552612304688,776.7882690429688,428.6641845703125,764.3460693359375,868.565185546875,868.565185546875,y
469,420.8737487792969,776.894287109375,428.5624694824219,764.3952026367188,868.7568969726562,868.7568969726562,y
470,420.8292846679688,776.8187866210938,428.5025329589844,764.3082885742188,871.7612915039062,871.7612915039062,y
471,420.6706237792969,776.8834228515625,428.3960266113281,761.8070678710938,868.9119873046875,868.9119873046875,y
472,420.6243591308594,776.5856323242188,428.3679809570313,764.1105346679688,871.960205078125,871.960205078125,y
473,420.4787902832031,776.7127075195312,428.2037963867188,764.1998901367188,871.7498168945312,871.7498168945312,y
474,420.6977844238281,777.018798828125,428.3194580078125,761.8239135742188,871.7443237304688,871.7443237304688,y
475,420.5304260253906,776.9855346679688,428.34326171875,761.7928466796875,871.7708740234375,871.7708740234375,y
476,420.6170043945313,776.8305053710938,428.4918212890625,761.7015380859375,868.9298706054688,868.9298706054688,y
477,420.14447021484375,777.0162963867188,427.8922729492188,761.7971801757812,871.6749877929688,871.6749877929688,y
490,365.3880615234375,800.6475219726562,369.95806884765625,784.6690063476562,868.6458740234375,868.6458740234375,y
491,367.4741821289063,800.8516845703125,368.0176696777344,785.0574951171875,868.839111328125,868.839111328125,y
492,367.3982849121094,800.7860717773438,371.0666809082031,785.0147094726562,868.8406982421875,868.8406982421875,y
493,367.6638488769531,800.6799926757812,371.5252380371094,784.9163208007812,868.7421264648438,868.7421264648438,y
494,367.5527038574219,800.4555053710938,371.6710205078125,784.763916015625,868.858642578125,868.858642578125,y
495,367.7005920410156,800.3701782226562,371.77734375,784.6183471679688,871.8422241210938,871.8422241210938,y
496,367.7608642578125,800.0069580078125,371.7059631347656,784.2085571289062,868.5363159179688,868.5363159179688,y
540,412.3825378417969,775.8926391601562,419.79833984375,760.4933471679688,871.5743408203125,871.5743408203125,y
541,412.4247131347656,775.7507934570312,419.9283447265625,760.3334350585938,868.87109375,868.87109375,y
546,412.80706787109375,775.80712890625,420.2296142578125,760.3477172851562,868.7656860351562,868.7656860351562,y
547,412.9357604980469,775.818115234375,420.4207763671875,760.2567749023438,872.7157592773438,872.7157592773438,y
549,412.7467041015625,775.9052124023438,420.3539123535156,760.3290405273438,880.2500610351562,880.2500610351562,y
551,412.5721130371094,775.4656372070312,420.1938781738281,759.935791015625,879.9994506835938,879.9994506835938,y
554,413.1014404296875,773.269775390625,421.0615234375,760.95751953125,876.9431762695312,876.9431762695312,y
556,421.2884216308594,780.8629150390625,429.9702758789063,765.0369873046875,877.0274658203125,877.0274658203125,y
557,421.3545227050781,780.7520141601562,430.2595825195313,765.1421508789062,880.3787231445312,880.3787231445312,y
558,421.3678894042969,781.175537109375,430.3794555664063,765.5014038085938,880.2791137695312,880.2791137695312,y
559,423.76123046875,783.7021484375,431.9379577636719,767.5068359375,880.3317260742188,880.3317260742188,y
560,423.5921325683594,781.0518798828125,431.8948059082031,765.5693969726562,880.008544921875,880.008544921875,y
561,420.8850708007813,783.6715087890625,429.5849304199219,767.5217895507812,880.13818359375,880.13818359375,y
562,421.0295715332031,781.0928344726562,432.7498779296875,765.8887939453125,880.0540161132812,880.0540161132812,y
563,420.921875,784.0545654296875,429.5113220214844,767.8091430664062,879.9891967773438,879.9891967773438,y
564,423.4264221191406,784.21875,431.6531066894531,768.0401000976562,880.0664672851562,880.0664672851562,y
565,423.4049987792969,784.4478149414062,431.6112060546875,768.4452514648438,880.163330078125,880.163330078125,y
566,420.9556274414063,784.0911254882812,429.76165771484375,767.9381103515625,880.2821044921875,880.2821044921875,y
567,421.1541442871094,784.1922607421875,430.0628356933594,768.076904296875,880.2897338867188,880.2897338867188,y
568,423.5489196777344,784.2186889648438,432.0002746582031,768.015869140625,879.8811645507812,879.8811645507812,y
569,423.8358459472656,784.0407104492188,432.39556884765625,767.8588256835938,880.0126953125,880.0126953125,y
570,423.7214050292969,799.953857421875,438.6407470703125,811.7591552734375,880.1205444335938,880.1205444335938,y
571,424.7886962890625,803.760498046875,439.2915954589844,818.2172241210938,880.164306640625,880.164306640625,y
572,427.82562255859375,804.239990234375,442.8380126953125,816.5643310546875,880.1842651367188,880.1842651367188,y
573,424.932373046875,804.5061645507812,439.3189392089844,819.228515625,880.0870361328125,880.0870361328125,y
574,424.8346862792969,804.4163818359375,439.5581665039063,818.9027709960938,880.4279174804688,880.4279174804688,y
575,427.6370544433594,804.5242309570312,444.4207153320313,812.7825927734375,880.3677368164062,880.3677368164062,y
576,424.97406005859375,804.6126708984375,439.4021301269531,819.2553100585938,880.20751953125,880.20751953125,y
577,427.7615966796875,804.4840698242188,444.3402099609375,813.231689453125,876.917724609375,876.917724609375,y
578,427.5823059082031,804.6686401367188,442.5242309570313,816.83056640625,876.9304809570312,876.9304809570312,y
579,427.7066040039063,804.6162109375,442.6655883789063,817.0816650390625,876.7415771484375,876.7415771484375,y
580,427.7506408691406,804.3483276367188,444.6030883789063,809.2861938476562,879.7489013671875,879.7489013671875,y
581,427.791748046875,804.4151611328125,442.8860168457031,816.5827026367188,880.2217407226562,880.2217407226562,y
582,427.8773193359375,804.5023193359375,444.5042114257813,813.133056640625,879.8191528320312,879.8191528320312,y
583,427.807861328125,804.3623657226562,442.7677307128906,816.5231323242188,876.7255859375,876.7255859375,y
584,427.6954040527344,804.8421630859375,442.5799560546875,819.0797729492188,880.1029663085938,880.1029663085938,y
585,427.5656433105469,804.9823608398438,442.39166259765625,819.2775268554688,880.3367309570312,880.3367309570312,y
586,427.5607299804688,805.2306518554688,442.33441162109375,819.4036254882812,880.2425537109375,880.2425537109375,y
587,428.17962646484375,807.73974609375,440.9617614746094,824.0901489257812,880.407470703125,880.407470703125,y
588,432.2966918945313,807.862060546875,449.84326171875,808.2984008789062,880.4749145507812,880.4749145507812,y
589,428.9593811035156,808.4788208007812,446.3759765625,809.0462646484375,880.324462890625,880.324462890625,y
590,429.0524597167969,808.338134765625,446.3600463867188,812.6385498046875,879.8577880859375,879.8577880859375,y
591,431.8321533203125,808.241455078125,449.33209228515625,808.7232055664062,880.0348510742188,880.0348510742188,y
592,431.8541870117188,808.6121826171875,449.3506164550781,809.2366943359375,880.0425415039062,880.0425415039062,y
594,431.8059387207031,808.6771240234375,449.3370971679688,809.3023071289062,879.9381713867188,879.9381713867188,y
595,431.79443359375,808.7981567382812,449.3397521972656,809.1643676757812,871.886474609375,871.886474609375,y
596,428.5665588378906,808.7088012695312,445.7454833984375,812.939697265625,868.0244140625,868.0244140625,y
597,428.78607177734375,808.8719482421875,446.0194396972656,813.1644897460938,868.7315063476562,868.7315063476562,y
598,428.7454833984375,808.68701171875,446.211181640625,809.2234497070312,871.7698364257812,871.7698364257812,y
599,428.8947143554688,808.6979370117188,446.33782958984375,809.0346069335938,871.7152099609375,871.7152099609375,y
600,431.7166137695313,808.7625122070312,449.0391540527344,813.0274658203125,871.6397705078125,871.6397705078125,y
601,428.2335815429688,808.484375,445.4013671875,812.8814086914062,871.5443115234375,871.5443115234375,y
602,428.52642822265625,808.6007690429688,445.7761840820313,813.1005859375,868.6957397460938,868.6957397460938,y
603,428.8253784179688,808.330078125,446.0919799804688,812.9889526367188,868.7084350585938,868.7084350585938,y
604,428.8554992675781,808.452392578125,446.1316223144531,812.8980102539062,871.6915283203125,871.6915283203125,y
605,428.7389221191406,808.144775390625,446.1666259765625,808.8250732421875,871.70361328125,871.70361328125,y
606,428.7366333007813,808.343505859375,446.2151184082031,809.1085815429688,871.5968627929688,871.5968627929688,y
607,431.7388610839844,808.2597045898438,449.31256103515625,808.700439453125,868.77099609375,868.77099609375,y
608,428.2482299804688,808.7723388671875,445.7294616699219,809.4253540039062,871.8479614257812,871.8479614257812,y
609,432.3296508789063,808.4096069335938,449.8600769042969,804.8998413085938,868.5428466796875,868.5428466796875,y
610,431.8508911132813,807.6957397460938,449.2643432617188,808.0880126953125,868.5698852539062,868.5698852539062,y
611,431.61376953125,807.9485473632812,448.9401245117188,808.552978515625,871.8855590820312,871.8855590820312,y
612,428.7052917480469,808.3090209960938,445.7261962890625,816.9630737304688,871.66064453125,871.66064453125,y
613,428.6009521484375,807.9752807617188,445.8651123046875,812.1674194335938,871.6185302734375,871.6185302734375,y
614,428.4187927246094,808.4615478515625,445.71331787109375,812.7891235351562,871.8135986328125,871.8135986328125,y
615,428.3847351074219,808.45751953125,445.7144165039063,808.7144775390625,871.7485961914062,871.7485961914062,y
616,428.7051696777344,808.6016845703125,446.0686645507813,808.9216918945312,871.8790283203125,871.8790283203125,y
617,428.616455078125,808.3649291992188,445.9478454589844,804.9400024414062,871.7272338867188,871.7272338867188,y
618,428.7000732421875,808.1530151367188,446.032470703125,804.432373046875,871.7477416992188,871.7477416992188,y
619,428.7733154296875,808.2567749023438,446.0567321777344,808.6434326171875,868.5101928710938,868.5101928710938,y
620,428.4977722167969,808.2928466796875,445.80169677734375,808.7171020507812,871.7714233398438,871.7714233398438,y
621,428.2810668945313,808.34033203125,445.43310546875,812.7490234375,868.7918701171875,868.7918701171875,y
622,428.4351501464844,808.1976318359375,445.7271728515625,808.6572265625,868.7181396484375,868.7181396484375,y
623,428.5419616699219,808.3280029296875,445.693359375,812.840576171875,871.6727905273438,871.6727905273438,y
624,428.93310546875,808.165771484375,446.1770629882813,812.47412109375,871.7982177734375,871.7982177734375,y
625,427.9321594238281,808.5574951171875,445.0818786621094,813.3707275390625,868.6768798828125,868.6768798828125,y
626,431.5903015136719,807.5809326171875,448.4146423339844,815.86572265625,868.7457885742188,868.7457885742188,y
627,428.2893981933594,804.56982421875,443.0076599121094,821.0109252929688,871.7111206054688,871.7111206054688,y
628,427.6604309082031,804.4448852539062,442.3609619140625,820.9189453125,871.8004150390625,871.8004150390625,y
629,427.7830200195313,804.44921875,442.3683471679688,821.0405883789062,871.8321533203125,871.8321533203125,y
630,427.8281555175781,804.6080322265625,442.6272583007813,821.0734252929688,871.8950805664062,871.8950805664062,y
631,427.8672790527344,804.6634521484375,442.4472961425781,821.1884155273438,872.0100708007812,872.0100708007812,y
632,425.0589599609375,804.9094848632812,439.3199157714844,821.3694458007812,868.5963134765625,868.5963134765625,y
633,427.6750793457031,804.7401123046875,441.9583129882813,821.2706909179688,868.573486328125,868.573486328125,y
634,428.1715393066406,805.0308837890625,442.6805114746094,821.6055908203125,871.7879638671875,871.7879638671875,y
635,428.2358093261719,804.4273681640625,442.5600280761719,820.9786987304688,868.9011840820312,868.9011840820312,y
636,427.9128112792969,804.8911743164062,442.1492919921875,821.459228515625,868.8740844726562,868.8740844726562,y
637,427.6087341308594,804.572265625,442.0859680175781,821.0731811523438,871.7822875976562,871.7822875976562,y
638,427.7429504394531,804.0822143554688,442.3601684570313,820.5636596679688,868.6303100585938,868.6303100585938,y
639,427.6474304199219,803.744873046875,442.4405212402344,820.0416870117188,871.66796875,871.66796875,y
640,427.9229736328125,804.7640991210938,442.4695434570313,821.2568969726562,871.685546875,871.685546875,y
641,428.29290771484375,804.5613403320312,442.7336120605469,820.9906616210938,871.6564331054688,871.6564331054688,y
642,428.2836608886719,804.2161254882812,442.7808227539063,820.7067260742188,871.81689453125,871.81689453125,y
646,412.7645568847656,776.852783203125,417.599609375,764.5326538085938,871.7361450195312,871.7361450195312,y
647,412.9658508300781,776.816162109375,417.7429504394531,764.4389038085938,871.9244995117188,871.9244995117188,y
649,412.9847106933594,777.0092163085938,420.3489685058594,761.908203125,868.7491455078125,868.7491455078125,y
650,413.0576171875,777.1846923828125,417.94281005859375,764.8231811523438,868.8444213867188,868.8444213867188,y
651,408.0241088867188,784.8129272460938,404.2462158203125,773.5907592773438,871.8851318359375,871.8851318359375,y
652,423.5931701660156,799.5323486328125,440.2373962402344,807.7579956054688,871.7979736328125,871.7979736328125,y
653,420.3750915527344,800.483642578125,437.3582763671875,812.95654296875,868.9066162109375,868.9066162109375,y
654,420.6401672363281,800.5900268554688,437.4758605957031,814.9855346679688,871.67236328125,871.67236328125,y
655,421.0931091308594,800.3861083984375,437.9739379882813,814.6558837890625,868.72216796875,868.72216796875,y
656,423.5716857910156,800.03662109375,440.2610168457031,812.1046142578125,868.670654296875,868.670654296875,y
657,420.7812194824219,800.3812255859375,437.6999206542969,814.8934936523438,868.6182861328125,868.6182861328125,y
658,423.5079650878906,800.4758911132812,440.1859436035156,814.6824951171875,868.52880859375,868.52880859375,y
659,420.638427734375,800.4901733398438,437.6412963867188,814.8148803710938,868.7059326171875,868.7059326171875,y
660,420.9314880371094,800.5704956054688,437.866455078125,813.0438232421875,868.6836547851562,868.6836547851562,y
661,423.5525207519531,800.4136962890625,440.33538818359375,812.47119140625,868.7734375,868.7734375,y
662,421.070556640625,800.3255004882812,438.24755859375,804.9085693359375,868.7346801757812,868.7346801757812,y
663,420.9576721191406,800.28125,438.0318603515625,812.4849243164062,871.921875,871.921875,y
664,420.9789733886719,800.806396484375,438.1973876953125,801.3147583007812,871.9159545898438,871.9159545898438,y
666,424.2325744628906,808.945556640625,441.6216430664063,809.3903198242188,868.8402709960938,868.8402709960938,y
667,425.0831909179688,808.6489868164062,442.4713134765625,809.1173095703125,871.9165649414062,871.9165649414062,y
668,427.8127746582031,808.5089721679688,445.2794494628906,808.67578125,871.6994018554688,871.6994018554688,y
669,424.95709228515625,808.7827758789062,442.3202819824219,809.5740356445312,871.735595703125,871.735595703125,y
670,424.6741638183594,808.9655151367188,442.0199279785156,809.2437133789062,871.8997192382812,871.8997192382812,y
671,424.1802673339844,808.7037353515625,441.4810485839844,809.4088134765625,868.9202880859375,868.9202880859375,y
672,424.61920166015625,808.6572265625,441.740234375,812.6842041015625,871.6492919921875,871.6492919921875,y
673,424.1666259765625,808.361083984375,441.1714477539063,812.856201171875,871.9102783203125,871.9102783203125,y
674,424.58587646484375,808.4049072265625,441.5755615234375,813.067626953125,871.7763061523438,871.7763061523438,y
675,424.5910949707031,808.0126342773438,441.73248291015625,812.3065795898438,868.8751220703125,868.8751220703125,y
676,424.8440856933594,808.3092041015625,442.1361389160156,808.7944946289062,868.8693237304688,868.8693237304688,y
677,424.8521423339844,807.94140625,442.2063598632813,808.6294555664062,868.8848876953125,868.8848876953125,y
678,424.566162109375,808.1205444335938,441.7643432617188,812.6670532226562,871.869384765625,871.869384765625,y
679,428.2973327636719,807.421630859375,445.31732177734375,815.7616577148438,871.6682739257812,871.6682739257812,y
680,432.12542724609375,803.76416015625,446.5057678222656,820.1424560546875,871.912109375,871.912109375,y
681,432.7733459472656,801.0731201171875,449.419677734375,813.3615112304688,872.0152587890625,872.0152587890625,y
682,431.98919677734375,803.5789794921875,444.7360229492188,820.2131958007812,868.9417724609375,868.9417724609375,y
683,432.044189453125,801.0921020507812,448.76666259765625,813.4373168945312,871.946533203125,871.946533203125,y
684,429.1299743652344,803.650390625,443.49029541015625,820.1622314453125,871.8446044921875,871.8446044921875,y
685,431.5802001953125,804.1336059570312,445.9163818359375,820.810546875,871.802490234375,871.802490234375,y
686,431.73736572265625,803.8789672851562,446.2010498046875,820.4136352539062,868.7946166992188,868.7946166992188,y
687,431.883056640625,803.8145141601562,444.5579223632813,820.3607177734375,868.7271728515625,868.7271728515625,y
688,432.5645446777344,803.461669921875,447.2464294433594,819.8582153320312,871.7020263671875,871.7020263671875,y
689,431.9157104492188,803.7598876953125,444.5010681152344,820.3300170898438,871.6526489257812,871.6526489257812,y
690,431.8067321777344,803.5477294921875,446.3370971679688,820.01953125,868.69677734375,868.69677734375,y
691,432.3176574707031,803.5716552734375,446.685546875,820.0927734375,871.7439575195312,871.7439575195312,y
693,424.55218505859375,779.9778442382812,433.1347961425781,764.4713134765625,868.5347900390625,868.5347900390625,y
694,424.0308532714844,776.8814697265625,431.9249267578125,764.4978637695312,868.7297973632812,868.7297973632812,y
695,423.7328186035156,777.0866088867188,431.6423645019531,764.6950073242188,868.7718505859375,868.7718505859375,y
696,421.1474914550781,780.0050659179688,429.4674987792969,764.1272583007812,871.9111328125,871.9111328125,y
697,421.3721618652344,779.4345703125,429.59515380859375,763.7573852539062,871.6265258789062,871.6265258789062,y
698,421.2315979003906,779.6646728515625,429.5193481445313,763.82666015625,868.91162109375,868.91162109375,y
699,421.2359619140625,779.4876098632812,429.52642822265625,763.7451782226562,871.6492919921875,871.6492919921875,y
700,421.3230285644531,779.4686889648438,429.6272583007813,763.7517700195312,871.8602294921875,871.8602294921875,y
701,420.96527099609375,779.528076171875,429.22991943359375,763.8135375976562,871.9121704101562,871.9121704101562,y
702,421.0823669433594,776.9699096679688,429.4242858886719,764.6918334960938,872.1090698242188,872.1090698242188,y
703,421.0756530761719,777.0238037109375,429.4209289550781,764.76953125,871.8711547851562,871.8711547851562,y
704,420.5983276367188,776.7315063476562,428.5993957519531,764.4862670898438,868.8675537109375,868.8675537109375,y
731,416.5819396972656,775.656494140625,424.5475463867188,759.96826171875,868.5803833007812,868.5803833007812,y
732,416.5343933105469,776.1368408203125,424.4128112792969,760.411865234375,868.6502075195312,868.6502075195312,y
734,416.9272766113281,776.4248046875,424.7119445800781,760.8728637695312,868.8111572265625,868.8111572265625,y
738,416.3339538574219,776.5830688476562,424.25494384765625,761.0771484375,868.7867431640625,868.7867431640625,y
742,416.7137756347656,776.7518920898438,424.669677734375,761.0082397460938,868.78662109375,868.78662109375,y
743,416.6231994628906,776.23974609375,424.7957458496094,760.4596557617188,868.6589965820312,868.6589965820312,y
744,416.2640380859375,775.53955078125,424.3038330078125,759.8663940429688,868.07080078125,868.07080078125,y
745,416.2046813964844,776.2490234375,424.114501953125,760.4642944335938,868.3436889648438,868.3436889648438,y
746,416.5829772949219,776.1084594726562,424.57568359375,760.4680786132812,868.5884399414062,868.5884399414062,y
747,416.62213134765625,776.219970703125,424.4380798339844,760.5502319335938,868.8829345703125,868.8829345703125,y
748,416.7063903808594,776.37939453125,424.4974365234375,760.7374877929688,868.7555541992188,868.7555541992188,y
749,417.0803833007813,775.94970703125,424.805908203125,760.4176025390625,868.7816162109375,868.7816162109375,y
750,416.4337463378906,776.2102661132812,424.2823791503906,760.481689453125,868.7215576171875,868.7215576171875,y
751,416.53509521484375,776.1712036132812,424.4500427246094,760.4951782226562,871.6431274414062,871.6431274414062,y
752,416.5733337402344,775.9423828125,424.4475708007813,760.347412109375,868.6986694335938,868.6986694335938,y
753,416.4192504882813,776.362548828125,424.3082275390625,760.6114501953125,868.64501953125,868.64501953125,y
754,416.4493103027344,776.1232299804688,424.3336181640625,760.4354248046875,871.5673217773438,871.5673217773438,y
755,416.390380859375,776.1260986328125,424.29986572265625,760.4208374023438,871.79833984375,871.79833984375,y
756,416.250244140625,776.0985107421875,424.3042297363281,760.4094848632812,871.86328125,871.86328125,y
757,416.494140625,776.1195678710938,424.51470947265625,760.3712768554688,868.632568359375,868.632568359375,y
758,416.8031311035156,776.0309448242188,424.7664489746094,760.3344116210938,868.4732055664062,868.4732055664062,y
759,416.5518798828125,776.241943359375,424.58587646484375,760.4888305664062,868.8243408203125,868.8243408203125,y
763,425.1024169921875,784.8118286132812,437.2074279785156,768.6246948242188,868.6945190429688,868.6945190429688,y
766,424.2671508789063,788.0530395507812,433.035888671875,771.8202514648438,868.772705078125,868.772705078125,y
775,425.0643310546875,784.6318359375,437.1027221679688,768.6114501953125,879.9072875976562,879.9072875976562,y
779,423.7487487792969,796.2896118164062,440.3285217285156,810.4747924804688,879.781005859375,879.781005859375,y
780,423.6408081054688,800.5442504882812,438.43646240234375,815.430419921875,879.7219848632812,879.7219848632812,y
781,424.0062255859375,800.4780883789062,438.7724609375,816.878173828125,879.8609619140625,879.8609619140625,y
782,424.1271667480469,800.4015502929688,438.8673095703125,816.7908935546875,880.0928955078125,880.0928955078125,y
783,424.3644104003906,800.1502075195312,439.0708923339844,816.50439453125,880.1260986328125,880.1260986328125,y
784,424.2583923339844,800.515625,439.0970764160156,815.3765869140625,879.9343872070312,879.9343872070312,y
785,424.3302612304688,800.5145263671875,438.9995422363281,816.9859619140625,880.2006225585938,880.2006225585938,y
786,424.1714782714844,800.6546630859375,438.9212036132813,817.064453125,880.220703125,880.220703125,y
787,424.1956787109375,800.4529418945312,439.1014709472656,816.8555908203125,879.955322265625,879.955322265625,y
788,424.5198364257813,800.37451171875,439.3292846679688,816.81103515625,880.13330078125,880.13330078125,y
789,424.9408874511719,800.1957397460938,439.7744140625,816.597412109375,880.5493774414062,880.5493774414062,y
790,424.576171875,800.2965087890625,439.3572998046875,816.7398071289062,879.9695434570312,879.9695434570312,y
791,424.4175415039063,800.3908081054688,439.3375854492188,816.7373657226562,880.0341186523438,880.0341186523438,y
792,424.4176330566406,800.474609375,439.42864990234375,816.8213500976562,879.7698364257812,879.7698364257812,y
793,424.2253723144531,800.3510131835938,440.70404052734375,815.1812133789062,876.8912963867188,876.8912963867188,y
794,427.57916259765625,800.9520874023438,442.034423828125,817.5060424804688,879.9876098632812,879.9876098632812,y
795,424.90771484375,803.5485229492188,439.3644409179688,820.0496215820312,876.9025268554688,876.9025268554688,y
796,427.7659912109375,800.7949829101562,442.4300842285156,817.3375854492188,879.736083984375,879.736083984375,y
797,427.667236328125,801.0657348632812,442.4938049316406,817.713134765625,876.925048828125,876.925048828125,y
798,427.62939453125,800.5279541015625,442.7560729980469,817.0592651367188,880.0447387695312,880.0447387695312,y
799,427.75244140625,800.9213256835938,442.77728271484375,817.4020385742188,879.9912109375,879.9912109375,y
800,427.8567199707031,800.6158447265625,444.4900512695313,815.0162353515625,880.07421875,880.07421875,y
801,427.5743713378906,800.6947021484375,442.57720947265625,816.9872436523438,880.1929931640625,880.1929931640625,y
802,424.86334228515625,800.4742431640625,441.4442443847656,815.001953125,879.8971557617188,879.8971557617188,y
803,425.0010986328125,800.6349487304688,441.6071166992188,815.1686401367188,880.003173828125,880.003173828125,y
804,424.7867431640625,800.6146240234375,441.3357849121094,815.3118286132812,877.0416870117188,877.0416870117188,y
805,427.5613403320313,800.38427734375,442.63873291015625,816.8106689453125,880.1644897460938,880.1644897460938,y
806,427.9577331542969,800.7462158203125,442.8772583007813,817.2403564453125,880.3567504882812,880.3567504882812,y
807,427.6476745605469,800.5834350585938,442.57025146484375,817.0039672851562,880.0755615234375,880.0755615234375,y
808,428.3704833984375,800.68505859375,443.09814453125,817.251708984375,880.0568237304688,880.0568237304688,y
809,428.0632629394531,800.547119140625,442.80377197265625,817.0477294921875,880.0098876953125,880.0098876953125,y
810,427.91790771484375,800.4805297851562,442.7864074707031,816.87255859375,880.0466918945312,880.0466918945312,y
812,421.2030334472656,780.2750244140625,430.0483703613281,764.7073974609375,880.046142578125,880.046142578125,y
813,420.8390197753906,780.2109985351562,429.5175476074219,764.4451293945312,879.989501953125,879.989501953125,y
815,420.5501403808594,780.776611328125,429.3904113769531,765.0230102539062,879.9386596679688,879.9386596679688,y
821,420.30999755859375,783.8754272460938,428.83154296875,767.5281982421875,871.6336059570312,871.6336059570312,y
822,420.1873474121094,784.1038208007812,428.7981872558594,767.7421264648438,868.7294311523438,868.7294311523438,y
823,420.84375,783.9876098632812,429.37603759765625,767.6171264648438,868.7550048828125,868.7550048828125,y
824,420.4072265625,783.8965454101562,429.0427856445313,767.6415405273438,868.661376953125,868.661376953125,y
825,416.7544250488281,792.4348754882812,400.407470703125,776.4564819335938,868.7932739257812,868.7932739257812,y
826,423.8573913574219,803.728759765625,438.7010803222656,818.3599853515625,868.5882568359375,868.5882568359375,y
827,424.1817321777344,803.8104248046875,440.7546081542969,816.3422241210938,868.8689575195312,868.8689575195312,y
828,424.042724609375,803.9802856445312,439.01513671875,818.3091430664062,871.782958984375,871.782958984375,y
829,424.4273376464844,803.9483032226562,441.10302734375,816.0433349609375,871.7371826171875,871.7371826171875,y
830,424.28070068359375,804.1913452148438,440.83013916015625,816.3263549804688,871.8060302734375,871.8060302734375,y
831,423.9650573730469,804.444580078125,439.0111083984375,818.8365478515625,868.8528442382812,868.8528442382812,y
832,424.2274169921875,804.3369750976562,440.7952575683594,816.7630615234375,868.7166137695312,868.7166137695312,y
833,424.2309265136719,804.2257080078125,441.2874755859375,800.8771362304688,871.5607299804688,871.5607299804688,y
834,424.0123596191406,804.2709350585938,440.8130493164063,812.8466796875,868.4959106445312,868.4959106445312,y
835,424.3966674804688,804.296875,441.0133361816406,816.4019775390625,868.7516479492188,868.7516479492188,y
836,423.9312438964844,804.0695190429688,440.4900207519531,816.4620971679688,871.7581787109375,871.7581787109375,y
837,423.6091613769531,804.2852172851562,440.4226684570313,812.8065185546875,868.8046875,868.8046875,y
838,424.0600280761719,804.4645385742188,440.8525085449219,813.093994140625,868.883056640625,868.883056640625,y
839,423.9502868652344,803.9822387695312,440.8880615234375,808.3607788085938,868.8439331054688,868.8439331054688,y
840,424.3121643066406,804.12841796875,441.0265502929688,816.71435546875,871.6630859375,871.6630859375,y
841,424.0984191894531,804.0700073242188,440.9124450683594,816.3297119140625,871.8677368164062,871.8677368164062,y
842,424.3143310546875,803.9946899414062,441.1401977539063,816.3305053710938,868.5698852539062,868.5698852539062,y
843,424.37298583984375,803.9551391601562,441.4571228027344,808.812744140625,868.8226318359375,868.8226318359375,y
844,424.41510009765625,803.8862915039062,441.5328369140625,808.0889282226562,868.6815795898438,868.6815795898438,y
845,424.6604309082031,804.3804931640625,441.677734375,812.9307861328125,871.6484985351562,871.6484985351562,y
846,424.513671875,804.31640625,441.5079956054688,813.11669921875,871.61865234375,871.61865234375,y
847,424.50982666015625,804.5536499023438,441.3570556640625,813.150146484375,872.0074462890625,872.0074462890625,y
848,423.7132263183594,804.2838134765625,438.7083129882813,818.8547973632812,868.698486328125,868.698486328125,y
849,423.7852478027344,804.2661743164062,440.6647644042969,812.9099731445312,871.6513671875,871.6513671875,y
850,424.0254211425781,804.3230590820312,440.71240234375,816.8466796875,868.6238403320312,868.6238403320312,y
851,424.166015625,804.1553344726562,440.8822326660156,816.4970092773438,871.6378173828125,871.6378173828125,y
852,424.3118896484375,804.2478637695312,439.4024658203125,818.7235107421875,868.859130859375,868.859130859375,y
853,424.1155395507813,803.981689453125,440.7358093261719,816.5684814453125,871.6726684570312,871.6726684570312,y
854,424.3165893554688,804.4052124023438,440.88763427734375,819.03173828125,871.8482666015625,871.8482666015625,y
855,424.3606872558594,804.29150390625,440.9334411621094,818.8258666992188,871.8362426757812,871.8362426757812,y
856,424.1117248535156,804.5890502929688,439.1617736816406,819.1466674804688,871.8492431640625,871.8492431640625,y
857,424.3866271972656,804.435546875,439.2742309570313,819.1563720703125,868.7833862304688,868.7833862304688,y
858,424.3099365234375,804.0410766601562,439.1301574707031,818.4971313476562,868.5614013671875,868.5614013671875,y
859,412.4330749511719,784.9705810546875,394.56494140625,780.181396484375,868.9560546875,868.9560546875,n
860,417.0027465820313,775.4130249023438,421.924072265625,760.17822265625,868.7627563476562,868.7627563476562,y
861,416.9080200195313,775.4718017578125,421.8276062011719,760.1466064453125,868.4441528320312,868.4441528320312,y
862,417.0130004882813,775.6550903320312,424.5762023925781,760.2172241210938,871.7910766601562,871.7910766601562,y
863,419.7082214355469,773.13037109375,424.0374145507813,761.0635375976562,871.8594970703125,871.8594970703125,y
864,417.2148132324219,772.926513671875,425.1155090332031,761.0332641601562,871.7044677734375,871.7044677734375,y
865,417.2413330078125,775.4719848632812,424.7191162109375,760.138427734375,871.8132934570312,871.8132934570312,y
866,417.2200622558594,775.7584838867188,424.6968383789063,760.4285888671875,871.9974365234375,871.9974365234375,y
867,417.2402038574219,775.6166381835938,424.7982177734375,760.3065795898438,872.0941162109375,872.0941162109375,y
882,360.05828857421875,796.8224487304688,359.9965515136719,780.650634765625,868.5977172851562,868.5977172851562,y
883,360.1811828613281,799.7515869140625,359.79010009765625,783.3958129882812,868.3253784179688,868.3253784179688,y
884,360.3571166992188,799.8759155273438,360.3747863769531,783.4807739257812,868.8318481445312,868.8318481445312,y
885,360.5094909667969,796.960205078125,361.2301330566406,780.77392578125,868.6743774414062,868.6743774414062,y
886,361.00146484375,800.2134399414062,360.8551025390625,783.7828369140625,868.7943725585938,868.7943725585938,y
887,361.082275390625,800.0623168945312,360.9355163574219,783.6625366210938,868.7550048828125,868.7550048828125,y
888,360.4591674804688,799.936279296875,360.8537292480469,783.493896484375,871.7213745117188,871.7213745117188,y
889,360.655517578125,799.7233276367188,360.8629150390625,783.2840576171875,868.7749633789062,868.7749633789062,y
